year,stateabbr,state,county,measure,data_value,low_confidence_limit,high_confidence_limit
2023,AK,Alaska,Aleutians East,Vision disability among adults,6.1,5.5,6.7
2023,AK,Alaska,Aleutians East,High cholesterol among adults who have ever been screened,33.0,28.6,37.6
2023,AK,Alaska,Aleutians East,Utility services shut-off threat in the past 12 months among adults,11.2,9.6,12.8
2023,AK,Alaska,Aleutians East,Cholesterol screening among adults,76.2,73.3,78.8
2023,AK,Alaska,Aleutians East,Arthritis among adults,17.6,15.0,20.4
2023,AK,Alaska,Aleutians East,Depression among adults,15.2,12.5,18.1
2023,AK,Alaska,Aleutians East,Lack of social and emotional support among adults,32.8,28.2,37.3
2023,AK,Alaska,Aleutians East,Lack of reliable transportation in the past 12 months among adults,11.9,10.4,13.4
2023,AK,Alaska,Aleutians East,Taking medicine to control high blood pressure among adults with high blood pressure,64.4,60.0,68.5
2023,AK,Alaska,Aleutians East,Fair or poor self-rated health status among adults,22.6,19.7,25.6
2023,AK,Alaska,Aleutians East,Visits to doctor for routine checkup within the past year among adults,62.8,57.5,67.8
2023,AK,Alaska,Aleutians East,Frequent physical distress among adults,13.5,11.8,15.2
2023,AK,Alaska,Aleutians East,Food insecurity in the past 12 months among adults,22.2,19.0,25.5
2023,AK,Alaska,Aleutians East,Diagnosed diabetes among adults,11.9,10.2,13.6
2023,AK,Alaska,Aleutians East,Current asthma among adults,9.0,7.9,10.2
2023,AK,Alaska,Aleutians East,Chronic obstructive pulmonary disease among adults,5.3,4.7,6.0
2023,AK,Alaska,Aleutians East,Frequent mental distress among adults,15.1,13.2,17.0
2023,AK,Alaska,Aleutians East,Loneliness among adults,34.5,29.0,40.1
2023,AK,Alaska,Aleutians East,Binge drinking among adults,18.0,14.6,21.7
2023,AK,Alaska,Aleutians East,Cancer (non-skin) or melanoma among adults,4.0,3.6,4.4
2023,AK,Alaska,Aleutians East,Coronary heart disease among adults,5.3,4.7,5.9
2023,AK,Alaska,Aleutians East,Current cigarette smoking among adults,19.2,16.7,22.1
2023,AK,Alaska,Aleutians East,Hearing disability among adults,6.9,6.1,7.8
2023,AK,Alaska,Aleutians East,Obesity among adults,34.7,26.8,43.2
2023,AK,Alaska,Aleutians East,Any disability among adults,29.6,25.3,34.0
2023,AK,Alaska,Aleutians East,Current lack of health insurance among adults aged 18-64 years,15.9,13.5,18.6
2023,AK,Alaska,Aleutians East,No leisure-time physical activity among adults,26.9,22.4,31.9
2023,AK,Alaska,Aleutians East,Housing insecurity in the past 12 months among adults,17.5,15.0,20.1
2023,AK,Alaska,Aleutians East,Cognitive disability among adults,14.6,12.8,16.4
2023,AK,Alaska,Aleutians East,Independent living disability among adults,7.6,6.8,8.6
2023,AK,Alaska,Aleutians East,Self-care disability among adults,3.9,3.5,4.4
2023,AK,Alaska,Aleutians East,Stroke among adults,3.0,2.8,3.3
2023,AK,Alaska,Aleutians East,Received food stamps in the past 12 months among adults,14.0,11.7,16.3
2023,AK,Alaska,Aleutians East,High blood pressure among adults,32.6,28.4,37.2
2023,AK,Alaska,Aleutians East,Mobility disability among adults,11.9,10.3,13.7
2023,AK,Alaska,Aleutians West,Independent living disability among adults,5.9,5.2,6.6
2023,AK,Alaska,Aleutians West,Obesity among adults,32.0,25.5,38.9
2023,AK,Alaska,Aleutians West,Food insecurity in the past 12 months among adults,25.3,21.8,29.7
2023,AK,Alaska,Aleutians West,Fair or poor self-rated health status among adults,23.8,20.8,27.1
2023,AK,Alaska,Aleutians West,Current asthma among adults,11.3,9.9,12.7
2023,AK,Alaska,Aleutians West,Frequent mental distress among adults,13.7,12.0,15.4
2023,AK,Alaska,Aleutians West,No leisure-time physical activity among adults,24.2,20.1,28.6
2023,AK,Alaska,Aleutians West,Arthritis among adults,15.2,13.0,17.6
2023,AK,Alaska,Aleutians West,High cholesterol among adults who have ever been screened,32.7,28.7,37.0
2023,AK,Alaska,Aleutians West,Vision disability among adults,4.3,3.9,4.7
2023,AK,Alaska,Aleutians West,Lack of reliable transportation in the past 12 months among adults,8.6,7.6,9.8
2023,AK,Alaska,Aleutians West,Frequent mental distress among adults,19.2,16.8,21.7
2023,AK,Alaska,Aleutians West,No leisure-time physical activity among adults,26.1,21.6,30.9
2023,AK,Alaska,Aleutians West,Independent living disability among adults,10.3,9.0,11.6
2023,AK,Alaska,Aleutians West,Lack of social and emotional support among adults,33.1,28.7,37.6
2023,AK,Alaska,Aleutians West,Received food stamps in the past 12 months among adults,17.6,14.9,20.7
2023,AK,Alaska,Aleutians West,Coronary heart disease among adults,4.1,3.6,4.6
2023,AK,Alaska,Aleutians West,Chronic obstructive pulmonary disease among adults,6.7,5.9,7.6
2023,AK,Alaska,Aleutians West,Hearing disability among adults,8.7,7.7,9.7
2023,AK,Alaska,Aleutians West,Taking medicine to control high blood pressure among adults with high blood pressure,62.4,59.1,65.5
2023,AK,Alaska,Aleutians West,High cholesterol among adults who have ever been screened,29.7,25.9,33.5
2023,AK,Alaska,Aleutians West,Depression among adults,19.5,16.3,22.8
2023,AK,Alaska,Aleutians West,Utility services shut-off threat in the past 12 months among adults,13.5,11.9,15.5
2023,AK,Alaska,Aleutians West,Stroke among adults,3.5,3.2,3.8
2023,AK,Alaska,Aleutians West,Cognitive disability among adults,18.7,16.1,21.4
2023,AK,Alaska,Aleutians West,Frequent physical distress among adults,11.2,9.8,12.7
2023,AK,Alaska,Aleutians West,Binge drinking among adults,19.3,16.0,23.0
2023,AK,Alaska,Aleutians West,Utility services shut-off threat in the past 12 months among adults,7.9,6.8,9.2
2023,AK,Alaska,Aleutians West,Depression among adults,14.3,12.0,16.9
2023,AK,Alaska,Aleutians West,Fair or poor self-rated health status among adults,17.5,15.0,20.1
2023,AK,Alaska,Aleutians West,Any disability among adults,23.2,19.7,27.0
2023,AK,Alaska,Aleutians West,Lack of social and emotional support among adults,32.3,28.0,36.9
2023,AK,Alaska,Aleutians West,Received food stamps in the past 12 months among adults,9.0,7.5,10.8
2023,AK,Alaska,Aleutians West,Cognitive disability among adults,12.2,10.6,13.8
2023,AK,Alaska,Aleutians West,Cancer (non-skin) or melanoma among adults,4.5,4.1,5.0
2023,AK,Alaska,Aleutians West,Mobility disability among adults,13.7,11.9,15.6
2023,AK,Alaska,Aleutians West,Diagnosed diabetes among adults,10.0,8.7,11.5
2023,AK,Alaska,Aleutians West,Binge drinking among adults,21.6,18.0,25.5
2023,AK,Alaska,Aleutians West,High blood pressure among adults,31.1,27.3,34.9
2023,AK,Alaska,Aleutians West,Cholesterol screening among adults,77.6,74.8,80.3
2023,AK,Alaska,Aleutians West,Food insecurity in the past 12 months among adults,16.2,13.6,18.9
2023,AK,Alaska,Aleutians West,Vision disability among adults,7.2,6.5,8.0
2023,AK,Alaska,Aleutians West,Self-care disability among adults,4.3,3.9,4.8
2023,AK,Alaska,Aleutians West,Coronary heart disease among adults,5.9,5.3,6.6
2023,AK,Alaska,Aleutians West,Mobility disability among adults,8.9,7.6,10.3
2023,AK,Alaska,Aleutians West,Visits to doctor for routine checkup within the past year among adults,61.8,57.1,66.3
2023,AK,Alaska,Aleutians West,Current lack of health insurance among adults aged 18-64 years,13.5,11.1,16.7
2023,AK,Alaska,Aleutians West,High blood pressure among adults,29.2,25.3,33.2
2023,AK,Alaska,Aleutians West,Taking medicine to control high blood pressure among adults with high blood pressure,62.3,58.0,66.5
2023,AK,Alaska,Aleutians West,Any disability among adults,34.6,30.0,39.7
2023,AK,Alaska,Aleutians West,Cancer (non-skin) or melanoma among adults,3.7,3.3,4.1
2023,AK,Alaska,Aleutians West,Hearing disability among adults,5.4,4.7,6.1
2023,AK,Alaska,Aleutians West,Loneliness among adults,40.6,35.1,46.5
2023,AK,Alaska,Aleutians West,Current cigarette smoking among adults,22.2,19.3,25.4
2023,AK,Alaska,Aleutians West,Loneliness among adults,37.2,31.8,42.6
2023,AK,Alaska,Aleutians West,Obesity among adults,38.3,31.1,45.9
2023,AK,Alaska,Aleutians West,Current cigarette smoking among adults,16.0,13.5,18.6
2023,AK,Alaska,Aleutians West,Lack of reliable transportation in the past 12 months among adults,15.7,13.8,18.1
2023,AK,Alaska,Aleutians West,Housing insecurity in the past 12 months among adults,13.3,11.4,15.5
2023,AK,Alaska,Aleutians West,Current lack of health insurance among adults aged 18-64 years,12.3,10.4,14.6
2023,AK,Alaska,Aleutians West,Arthritis among adults,19.2,16.8,21.8
2023,AK,Alaska,Aleutians West,Current asthma among adults,8.0,7.1,9.0
2023,AK,Alaska,Aleutians West,Stroke among adults,2.3,2.1,2.6
2023,AK,Alaska,Aleutians West,Housing insecurity in the past 12 months among adults,19.2,16.7,22.2
2023,AK,Alaska,Aleutians West,Frequent physical distress among adults,15.2,13.4,17.1
2023,AK,Alaska,Aleutians West,Visits to doctor for routine checkup within the past year among adults,62.8,57.9,67.5
2023,AK,Alaska,Aleutians West,Self-care disability among adults,2.9,2.6,3.2
2023,AK,Alaska,Aleutians West,Chronic obstructive pulmonary disease among adults,4.1,3.5,4.6
2023,AK,Alaska,Aleutians West,Cholesterol screening among adults,69.2,65.6,72.9
2023,AK,Alaska,Aleutians West,Diagnosed diabetes among adults,11.4,9.9,12.9
2023,AK,Alaska,Anchorage,Independent living disability among adults,6.7,5.9,7.7
2023,AK,Alaska,Anchorage,Cognitive disability among adults,12.0,10.5,13.9
2023,AK,Alaska,Anchorage,Housing insecurity in the past 12 months among adults,10.7,9.0,12.4
2023,AK,Alaska,Anchorage,High blood pressure among adults,33.6,31.1,36.6
2023,AK,Alaska,Anchorage,Self-care disability among adults,3.7,3.3,4.1
2023,AK,Alaska,Anchorage,Lack of social and emotional support among adults,23.6,20.8,26.7
2023,AK,Alaska,Anchorage,Visits to doctor for routine checkup within the past year among adults,70.8,67.8,73.9
2023,AK,Alaska,Anchorage,Frequent physical distress among adults,12.4,10.7,14.4
2023,AK,Alaska,Anchorage,Hearing disability among adults,6.5,5.8,7.2
2023,AK,Alaska,Anchorage,Lack of reliable transportation in the past 12 months among adults,8.9,7.7,10.1
2023,AK,Alaska,Anchorage,Current lack of health insurance among adults aged 18-64 years,6.4,5.0,8.1
2023,AK,Alaska,Anchorage,Cognitive disability among adults,13.3,11.6,15.0
2023,AK,Alaska,Anchorage,Binge drinking among adults,17.1,15.0,19.5
2023,AK,Alaska,Anchorage,No leisure-time physical activity among adults,13.1,10.9,15.8
2023,AK,Alaska,Anchorage,Depression among adults,24.0,21.4,27.0
2023,AK,Alaska,Anchorage,Cognitive disability among adults,16.2,13.6,19.4
2023,AK,Alaska,Anchorage,Vision disability among adults,2.9,2.5,3.3
2023,AK,Alaska,Anchorage,Loneliness among adults,32.6,29.5,36.1
2023,AK,Alaska,Anchorage,Arthritis among adults,21.4,19.6,23.7
2023,AK,Alaska,Anchorage,Depression among adults,22.1,19.8,25.0
2023,AK,Alaska,Anchorage,Frequent physical distress among adults,10.9,9.5,12.4
2023,AK,Alaska,Anchorage,Fair or poor self-rated health status among adults,14.4,12.4,16.6
2023,AK,Alaska,Anchorage,Lack of reliable transportation in the past 12 months among adults,5.1,4.2,6.0
2023,AK,Alaska,Anchorage,Any disability among adults,27.2,24.1,30.8
2023,AK,Alaska,Anchorage,Current asthma among adults,10.7,9.5,12.0
2023,AK,Alaska,Anchorage,Received food stamps in the past 12 months among adults,24.7,21.6,28.1
2023,AK,Alaska,Anchorage,Loneliness among adults,38.6,35.2,42.2
2023,AK,Alaska,Anchorage,Coronary heart disease among adults,5.0,4.5,5.6
2023,AK,Alaska,Anchorage,Frequent mental distress among adults,16.7,14.9,18.7
2023,AK,Alaska,Anchorage,Visits to doctor for routine checkup within the past year among adults,69.9,66.9,73.1
2023,AK,Alaska,Anchorage,Housing insecurity in the past 12 months among adults,17.3,15.2,19.7
2023,AK,Alaska,Anchorage,Coronary heart disease among adults,5.2,4.6,5.8
2023,AK,Alaska,Anchorage,High cholesterol among adults who have ever been screened,32.0,29.4,35.0
2023,AK,Alaska,Anchorage,Self-care disability among adults,3.7,3.3,4.1
2023,AK,Alaska,Anchorage,Vision disability among adults,6.0,5.3,6.7
2023,AK,Alaska,Anchorage,Any disability among adults,33.7,30.4,37.3
2023,AK,Alaska,Anchorage,Housing insecurity in the past 12 months among adults,6.6,5.4,8.2
2023,AK,Alaska,Anchorage,Lack of reliable transportation in the past 12 months among adults,6.9,6.0,7.9
2023,AK,Alaska,Anchorage,Chronic obstructive pulmonary disease among adults,5.9,5.0,6.9
2023,AK,Alaska,Anchorage,Loneliness among adults,36.6,33.2,40.1
2023,AK,Alaska,Anchorage,Depression among adults,21.8,19.4,24.7
2023,AK,Alaska,Anchorage,Coronary heart disease among adults,4.6,4.1,5.2
2023,AK,Alaska,Anchorage,Fair or poor self-rated health status among adults,15.8,13.8,18.2
2023,AK,Alaska,Anchorage,Any disability among adults,26.0,23.3,29.0
2023,AK,Alaska,Anchorage,Lack of social and emotional support among adults,22.4,19.8,25.3
2023,AK,Alaska,Anchorage,Visits to doctor for routine checkup within the past year among adults,70.3,67.5,73.3
2023,AK,Alaska,Anchorage,Mobility disability among adults,12.7,11.3,14.4
2023,AK,Alaska,Anchorage,Cognitive disability among adults,15.3,13.4,17.4
2023,AK,Alaska,Anchorage,Stroke among adults,2.9,2.6,3.2
2023,AK,Alaska,Anchorage,Loneliness among adults,36.8,33.4,40.1
2023,AK,Alaska,Anchorage,Chronic obstructive pulmonary disease among adults,5.6,4.8,6.5
2023,AK,Alaska,Anchorage,Lack of social and emotional support among adults,20.9,18.0,23.9
2023,AK,Alaska,Anchorage,Obesity among adults,37.1,33.2,41.4
2023,AK,Alaska,Anchorage,Cholesterol screening among adults,85.9,83.9,87.7
2023,AK,Alaska,Anchorage,Coronary heart disease among adults,4.0,3.6,4.5
2023,AK,Alaska,Anchorage,Vision disability among adults,3.6,3.2,4.0
2023,AK,Alaska,Anchorage,Housing insecurity in the past 12 months among adults,10.1,8.5,11.9
2023,AK,Alaska,Anchorage,Obesity among adults,38.3,34.3,42.7
2023,AK,Alaska,Anchorage,Hearing disability among adults,7.5,6.7,8.4
2023,AK,Alaska,Anchorage,Cholesterol screening among adults,78.7,76.3,81.1
2023,AK,Alaska,Anchorage,High blood pressure among adults,32.8,30.2,35.7
2023,AK,Alaska,Anchorage,No leisure-time physical activity among adults,19.4,17.0,22.4
2023,AK,Alaska,Anchorage,High cholesterol among adults who have ever been screened,36.1,33.2,39.3
2023,AK,Alaska,Anchorage,Housing insecurity in the past 12 months among adults,7.7,6.6,9.0
2023,AK,Alaska,Anchorage,Depression among adults,24.6,22.0,27.6
2023,AK,Alaska,Anchorage,Chronic obstructive pulmonary disease among adults,5.9,5.1,6.8
2023,AK,Alaska,Anchorage,Stroke among adults,2.3,2.0,2.6
2023,AK,Alaska,Anchorage,Frequent mental distress among adults,18.6,16.7,20.6
2023,AK,Alaska,Anchorage,Taking medicine to control high blood pressure among adults with high blood pressure,66.2,63.1,69.4
2023,AK,Alaska,Anchorage,Lack of social and emotional support among adults,29.3,26.3,32.6
2023,AK,Alaska,Anchorage,Utility services shut-off threat in the past 12 months among adults,6.8,5.8,7.8
2023,AK,Alaska,Anchorage,No leisure-time physical activity among adults,16.9,14.3,19.8
2023,AK,Alaska,Anchorage,Independent living disability among adults,8.6,7.5,9.7
2023,AK,Alaska,Anchorage,Taking medicine to control high blood pressure among adults with high blood pressure,68.1,65.3,71.1
2023,AK,Alaska,Anchorage,Obesity among adults,34.8,31.0,39.2
2023,AK,Alaska,Anchorage,Stroke among adults,2.6,2.4,2.8
2023,AK,Alaska,Anchorage,Chronic obstructive pulmonary disease among adults,4.7,4.0,5.6
2023,AK,Alaska,Anchorage,Hearing disability among adults,5.9,5.2,6.6
2023,AK,Alaska,Anchorage,High cholesterol among adults who have ever been screened,33.4,30.7,36.5
2023,AK,Alaska,Anchorage,Taking medicine to control high blood pressure among adults with high blood pressure,33.0,30.3,36.3
2023,AK,Alaska,Anchorage,Frequent physical distress among adults,13.1,11.7,14.8
2023,AK,Alaska,Anchorage,Diagnosed diabetes among adults,7.8,6.8,8.9
2023,AK,Alaska,Anchorage,High blood pressure among adults,29.7,27.2,32.5
2023,AK,Alaska,Anchorage,Food insecurity in the past 12 months among adults,11.1,9.4,13.1
2023,AK,Alaska,Anchorage,Coronary heart disease among adults,4.9,4.3,5.6
2023,AK,Alaska,Anchorage,Current lack of health insurance among adults aged 18-64 years,10.3,8.5,12.3
2023,AK,Alaska,Anchorage,Current asthma among adults,11.7,10.5,13.1
2023,AK,Alaska,Anchorage,Fair or poor self-rated health status among adults,14.7,12.5,17.1
2023,AK,Alaska,Anchorage,Any disability among adults,27.2,24.5,30.6
2023,AK,Alaska,Anchorage,Cancer (non-skin) or melanoma among adults,6.8,6.2,7.5
2023,AK,Alaska,Anchorage,High cholesterol among adults who have ever been screened,29.4,27.0,32.2
2023,AK,Alaska,Anchorage,Frequent mental distress among adults,15.2,13.5,17.1
2023,AK,Alaska,Anchorage,Frequent mental distress among adults,16.8,15.1,18.7
2023,AK,Alaska,Anchorage,Hearing disability among adults,7.4,6.5,8.4
2023,AK,Alaska,Anchorage,Self-care disability among adults,8.3,7.6,9.1
2023,AK,Alaska,Anchorage,Loneliness among adults,30.9,28.0,34.2
2023,AK,Alaska,Anchorage,Fair or poor self-rated health status among adults,21.0,18.8,23.5
2023,AK,Alaska,Anchorage,Lack of social and emotional support among adults,31.5,28.3,34.7
2023,AK,Alaska,Anchorage,Vision disability among adults,3.6,3.3,4.0
2023,AK,Alaska,Anchorage,Coronary heart disease among adults,4.4,3.9,4.9
2023,AK,Alaska,Anchorage,Housing insecurity in the past 12 months among adults,10.3,8.7,11.9
2023,AK,Alaska,Anchorage,High cholesterol among adults who have ever been screened,32.2,29.5,35.2
2023,AK,Alaska,Anchorage,Cancer (non-skin) or melanoma among adults,6.0,5.5,6.6
2023,AK,Alaska,Anchorage,Fair or poor self-rated health status among adults,16.2,13.5,19.2
2023,AK,Alaska,Anchorage,Chronic obstructive pulmonary disease among adults,6.1,4.9,7.4
2023,AK,Alaska,Anchorage,Food insecurity in the past 12 months among adults,12.6,10.6,14.7
2023,AK,Alaska,Anchorage,Cognitive disability among adults,17.3,15.2,19.6
2023,AK,Alaska,Anchorage,Visits to doctor for routine checkup within the past year among adults,73.0,70.0,76.0
2023,AK,Alaska,Anchorage,Visits to doctor for routine checkup within the past year among adults,70.8,67.9,73.8
2023,AK,Alaska,Anchorage,Cancer (non-skin) or melanoma among adults,5.8,5.3,6.5
2023,AK,Alaska,Anchorage,Arthritis among adults,27.8,25.3,30.7
2023,AK,Alaska,Anchorage,Stroke among adults,3.2,2.9,3.6
2023,AK,Alaska,Anchorage,Fair or poor self-rated health status among adults,15.9,13.8,18.4
2023,AK,Alaska,Anchorage,Taking medicine to control high blood pressure among adults with high blood pressure,61.8,58.5,65.4
2023,AK,Alaska,Anchorage,Coronary heart disease among adults,5.3,4.7,5.9
2023,AK,Alaska,Anchorage,Current lack of health insurance among adults aged 18-64 years,12.7,10.7,14.9
2023,AK,Alaska,Anchorage,Hearing disability among adults,10.2,9.2,11.3
2023,AK,Alaska,Anchorage,Fair or poor self-rated health status among adults,11.5,9.8,13.7
2023,AK,Alaska,Anchorage,High blood pressure among adults,31.3,28.8,34.2
2023,AK,Alaska,Anchorage,Any disability among adults,26.7,23.8,30.0
2023,AK,Alaska,Anchorage,Taking medicine to control high blood pressure among adults with high blood pressure,67.5,64.9,70.4
2023,AK,Alaska,Anchorage,Lack of social and emotional support among adults,22.9,20.2,26.0
2023,AK,Alaska,Anchorage,Binge drinking among adults,17.5,15.5,20.1
2023,AK,Alaska,Anchorage,Housing insecurity in the past 12 months among adults,9.6,8.1,11.2
2023,AK,Alaska,Anchorage,Frequent mental distress among adults,19.0,17.0,21.1
2023,AK,Alaska,Anchorage,Loneliness among adults,29.8,26.4,33.4
2023,AK,Alaska,Anchorage,Loneliness among adults,32.2,29.0,35.6
2023,AK,Alaska,Anchorage,Food insecurity in the past 12 months among adults,12.1,10.2,14.4
2023,AK,Alaska,Anchorage,Hearing disability among adults,9.2,8.2,10.3
2023,AK,Alaska,Anchorage,Arthritis among adults,23.3,21.3,25.6
2023,AK,Alaska,Anchorage,Current cigarette smoking among adults,15.2,12.8,17.7
2023,AK,Alaska,Anchorage,Diagnosed diabetes among adults,8.7,7.7,10.0
2023,AK,Alaska,Anchorage,Housing insecurity in the past 12 months among adults,15.7,13.6,17.9
2023,AK,Alaska,Anchorage,Any disability among adults,22.5,20.0,25.3
2023,AK,Alaska,Anchorage,Frequent physical distress among adults,14.2,12.6,15.9
2023,AK,Alaska,Anchorage,Utility services shut-off threat in the past 12 months among adults,15.9,14.0,17.8
2023,AK,Alaska,Anchorage,Obesity among adults,33.0,29.2,37.1
2023,AK,Alaska,Anchorage,Mobility disability among adults,9.7,8.5,11.1
2023,AK,Alaska,Anchorage,Food insecurity in the past 12 months among adults,10.1,8.4,12.0
2023,AK,Alaska,Anchorage,Current cigarette smoking among adults,11.7,9.5,14.2
2023,AK,Alaska,Anchorage,Current asthma among adults,10.4,9.2,11.7
2023,AK,Alaska,Anchorage,Diagnosed diabetes among adults,6.5,5.7,7.5
2023,AK,Alaska,Anchorage,Diagnosed diabetes among adults,2.4,2.1,2.8
2023,AK,Alaska,Anchorage,Lack of reliable transportation in the past 12 months among adults,8.1,7.1,9.2
2023,AK,Alaska,Anchorage,Received food stamps in the past 12 months among adults,6.8,5.5,8.5
2023,AK,Alaska,Anchorage,Chronic obstructive pulmonary disease among adults,9.1,8.0,10.4
2023,AK,Alaska,Anchorage,Vision disability among adults,4.8,4.3,5.4
2023,AK,Alaska,Anchorage,Lack of social and emotional support among adults,27.1,24.2,30.2
2023,AK,Alaska,Anchorage,Independent living disability among adults,6.7,5.7,7.8
2023,AK,Alaska,Anchorage,Diagnosed diabetes among adults,7.8,6.8,9.0
2023,AK,Alaska,Anchorage,High cholesterol among adults who have ever been screened,36.3,33.4,39.6
2023,AK,Alaska,Anchorage,Current lack of health insurance among adults aged 18-64 years,8.0,6.5,9.8
2023,AK,Alaska,Anchorage,Independent living disability among adults,8.5,7.6,9.8
2023,AK,Alaska,Anchorage,Received food stamps in the past 12 months among adults,14.4,12.1,17.0
2023,AK,Alaska,Anchorage,Vision disability among adults,5.4,4.8,6.1
2023,AK,Alaska,Anchorage,No leisure-time physical activity among adults,18.0,15.3,21.2
2023,AK,Alaska,Anchorage,Frequent mental distress among adults,17.2,15.4,19.3
2023,AK,Alaska,Anchorage,Food insecurity in the past 12 months among adults,11.5,9.4,14.1
2023,AK,Alaska,Anchorage,Self-care disability among adults,5.8,5.3,6.4
2023,AK,Alaska,Anchorage,Lack of social and emotional support among adults,25.4,22.5,28.4
2023,AK,Alaska,Anchorage,Frequent mental distress among adults,23.2,21.2,25.7
2023,AK,Alaska,Anchorage,Current cigarette smoking among adults,13.1,11.0,15.6
2023,AK,Alaska,Anchorage,Visits to doctor for routine checkup within the past year among adults,60.2,56.5,64.1
2023,AK,Alaska,Anchorage,Lack of social and emotional support among adults,26.0,23.0,29.4
2023,AK,Alaska,Anchorage,Cholesterol screening among adults,75.6,72.9,78.2
2023,AK,Alaska,Anchorage,Loneliness among adults,33.4,30.1,36.8
2023,AK,Alaska,Anchorage,Stroke among adults,2.6,2.3,3.0
2023,AK,Alaska,Anchorage,High cholesterol among adults who have ever been screened,33.1,30.5,36.3
2023,AK,Alaska,Anchorage,Frequent physical distress among adults,14.0,12.5,15.7
2023,AK,Alaska,Anchorage,Taking medicine to control high blood pressure among adults with high blood pressure,71.0,67.9,74.5
2023,AK,Alaska,Anchorage,Current lack of health insurance among adults aged 18-64 years,13.3,11.3,15.7
2023,AK,Alaska,Anchorage,Any disability among adults,25.6,22.9,28.6
2023,AK,Alaska,Anchorage,Cognitive disability among adults,23.7,21.5,26.3
2023,AK,Alaska,Anchorage,Cancer (non-skin) or melanoma among adults,4.7,4.3,5.1
2023,AK,Alaska,Anchorage,Diagnosed diabetes among adults,8.5,7.4,9.7
2023,AK,Alaska,Anchorage,Lack of reliable transportation in the past 12 months among adults,8.4,7.3,9.5
2023,AK,Alaska,Anchorage,Binge drinking among adults,14.9,13.1,17.1
2023,AK,Alaska,Anchorage,Loneliness among adults,35.1,31.9,38.7
2023,AK,Alaska,Anchorage,Fair or poor self-rated health status among adults,17.6,15.5,20.2
2023,AK,Alaska,Anchorage,Arthritis among adults,22.9,20.9,25.4
2023,AK,Alaska,Anchorage,Frequent physical distress among adults,10.3,9.2,11.6
2023,AK,Alaska,Anchorage,Coronary heart disease among adults,5.7,5.1,6.3
2023,AK,Alaska,Anchorage,Obesity among adults,32.8,29.2,36.9
2023,AK,Alaska,Anchorage,Taking medicine to control high blood pressure among adults with high blood pressure,66.0,63.4,68.8
2023,AK,Alaska,Anchorage,Cholesterol screening among adults,87.1,85.3,88.9
2023,AK,Alaska,Anchorage,Current lack of health insurance among adults aged 18-64 years,8.1,6.9,9.6
2023,AK,Alaska,Anchorage,Cancer (non-skin) or melanoma among adults,6.7,6.1,7.4
2023,AK,Alaska,Anchorage,Binge drinking among adults,17.1,15.1,19.7
2023,AK,Alaska,Anchorage,Hearing disability among adults,6.9,6.1,7.8
2023,AK,Alaska,Anchorage,Frequent physical distress among adults,18.8,17.2,20.8
2023,AK,Alaska,Anchorage,Lack of social and emotional support among adults,19.0,16.5,21.9
2023,AK,Alaska,Anchorage,Lack of reliable transportation in the past 12 months among adults,11.9,10.6,13.5
2023,AK,Alaska,Anchorage,High cholesterol among adults who have ever been screened,27.8,25.4,30.7
2023,AK,Alaska,Anchorage,Frequent mental distress among adults,20.2,17.9,22.7
2023,AK,Alaska,Anchorage,Utility services shut-off threat in the past 12 months among adults,5.3,4.3,6.2
2023,AK,Alaska,Anchorage,Visits to doctor for routine checkup within the past year among adults,70.8,67.8,73.9
2023,AK,Alaska,Anchorage,Current cigarette smoking among adults,29.4,26.5,32.6
2023,AK,Alaska,Anchorage,Cancer (non-skin) or melanoma among adults,6.9,6.2,7.7
2023,AK,Alaska,Anchorage,No leisure-time physical activity among adults,19.2,16.6,22.4
2023,AK,Alaska,Anchorage,Food insecurity in the past 12 months among adults,20.2,17.2,23.0
2023,AK,Alaska,Anchorage,Cognitive disability among adults,13.3,11.7,15.2
2023,AK,Alaska,Anchorage,Cognitive disability among adults,12.0,10.4,13.7
2023,AK,Alaska,Anchorage,Frequent mental distress among adults,17.1,15.4,19.2
2023,AK,Alaska,Anchorage,Fair or poor self-rated health status among adults,12.0,10.2,14.6
2023,AK,Alaska,Anchorage,Housing insecurity in the past 12 months among adults,14.7,12.8,17.0
2023,AK,Alaska,Anchorage,Cognitive disability among adults,14.1,12.0,16.3
2023,AK,Alaska,Anchorage,Housing insecurity in the past 12 months among adults,19.0,16.3,21.8
2023,AK,Alaska,Anchorage,Obesity among adults,35.3,31.3,39.8
2023,AK,Alaska,Anchorage,Chronic obstructive pulmonary disease among adults,6.5,5.6,7.5
2023,AK,Alaska,Anchorage,Received food stamps in the past 12 months among adults,4.9,3.6,6.3
2023,AK,Alaska,Anchorage,No leisure-time physical activity among adults,18.1,15.5,21.0
2023,AK,Alaska,Anchorage,Binge drinking among adults,18.0,15.8,20.5
2023,AK,Alaska,Anchorage,Current cigarette smoking among adults,12.5,10.3,14.9
2023,AK,Alaska,Anchorage,Taking medicine to control high blood pressure among adults with high blood pressure,69.9,67.0,72.7
2023,AK,Alaska,Anchorage,High blood pressure among adults,16.8,15.1,18.8
2023,AK,Alaska,Anchorage,Visits to doctor for routine checkup within the past year among adults,74.6,71.8,77.5
2023,AK,Alaska,Anchorage,Cognitive disability among adults,12.1,10.7,13.7
2023,AK,Alaska,Anchorage,Cognitive disability among adults,12.4,11.0,14.1
2023,AK,Alaska,Anchorage,Utility services shut-off threat in the past 12 months among adults,10.4,9.0,11.8
2023,AK,Alaska,Anchorage,Self-care disability among adults,3.6,3.3,4.0
2023,AK,Alaska,Anchorage,Housing insecurity in the past 12 months among adults,17.9,15.6,20.2
2023,AK,Alaska,Anchorage,High blood pressure among adults,32.1,29.6,35.1
2023,AK,Alaska,Anchorage,Mobility disability among adults,12.1,10.5,13.9
2023,AK,Alaska,Anchorage,Chronic obstructive pulmonary disease among adults,4.6,3.8,5.7
2023,AK,Alaska,Anchorage,Current lack of health insurance among adults aged 18-64 years,11.5,9.6,13.7
2023,AK,Alaska,Anchorage,Current asthma among adults,10.2,9.1,11.5
2023,AK,Alaska,Anchorage,Mobility disability among adults,12.1,10.6,13.9
2023,AK,Alaska,Anchorage,Cancer (non-skin) or melanoma among adults,5.5,5.0,6.1
2023,AK,Alaska,Anchorage,Arthritis among adults,22.5,20.5,24.8
2023,AK,Alaska,Anchorage,Hearing disability among adults,8.5,7.7,9.6
2023,AK,Alaska,Anchorage,Obesity among adults,37.2,33.4,41.5
2023,AK,Alaska,Anchorage,Frequent physical distress among adults,12.1,10.8,13.8
2023,AK,Alaska,Anchorage,Self-care disability among adults,3.7,3.3,4.2
2023,AK,Alaska,Anchorage,Vision disability among adults,2.8,2.5,3.3
2023,AK,Alaska,Anchorage,Frequent mental distress among adults,15.7,14.1,17.6
2023,AK,Alaska,Anchorage,Current cigarette smoking among adults,11.3,9.5,13.3
2023,AK,Alaska,Anchorage,Stroke among adults,3.4,3.1,3.7
2023,AK,Alaska,Anchorage,Lack of reliable transportation in the past 12 months among adults,5.5,4.6,6.6
2023,AK,Alaska,Anchorage,Current cigarette smoking among adults,18.2,15.9,20.5
2023,AK,Alaska,Anchorage,Housing insecurity in the past 12 months among adults,7.7,6.3,9.2
2023,AK,Alaska,Anchorage,Independent living disability among adults,5.3,4.4,6.3
2023,AK,Alaska,Anchorage,Any disability among adults,44.5,41.1,48.5
2023,AK,Alaska,Anchorage,Independent living disability among adults,6.2,5.2,7.5
2023,AK,Alaska,Anchorage,Frequent mental distress among adults,16.3,14.5,18.3
2023,AK,Alaska,Anchorage,Cholesterol screening among adults,70.9,68.3,73.7
2023,AK,Alaska,Anchorage,Mobility disability among adults,8.8,7.5,10.1
2023,AK,Alaska,Anchorage,Taking medicine to control high blood pressure among adults with high blood pressure,66.0,62.7,69.3
2023,AK,Alaska,Anchorage,Mobility disability among adults,11.2,9.7,13.0
2023,AK,Alaska,Anchorage,Visits to doctor for routine checkup within the past year among adults,69.9,66.9,72.9
2023,AK,Alaska,Anchorage,Food insecurity in the past 12 months among adults,11.5,9.8,13.4
2023,AK,Alaska,Anchorage,Cognitive disability among adults,17.1,15.1,19.4
2023,AK,Alaska,Anchorage,Utility services shut-off threat in the past 12 months among adults,4.5,3.7,5.5
2023,AK,Alaska,Anchorage,Binge drinking among adults,17.3,15.2,19.8
2023,AK,Alaska,Anchorage,Utility services shut-off threat in the past 12 months among adults,7.4,6.3,8.7
2023,AK,Alaska,Anchorage,Fair or poor self-rated health status among adults,16.8,14.8,19.0
2023,AK,Alaska,Anchorage,Lack of reliable transportation in the past 12 months among adults,11.9,10.5,13.5
2023,AK,Alaska,Anchorage,Independent living disability among adults,7.4,6.5,8.5
2023,AK,Alaska,Anchorage,Current cigarette smoking among adults,13.6,11.5,16.1
2023,AK,Alaska,Anchorage,Depression among adults,21.2,18.8,23.9
2023,AK,Alaska,Anchorage,Housing insecurity in the past 12 months among adults,16.0,13.9,18.2
2023,AK,Alaska,Anchorage,Taking medicine to control high blood pressure among adults with high blood pressure,72.6,69.8,75.5
2023,AK,Alaska,Anchorage,Taking medicine to control high blood pressure among adults with high blood pressure,68.5,65.0,71.7
2023,AK,Alaska,Anchorage,Independent living disability among adults,4.5,3.7,5.5
2023,AK,Alaska,Anchorage,Current asthma among adults,11.2,10.1,12.6
2023,AK,Alaska,Anchorage,Cancer (non-skin) or melanoma among adults,5.9,5.4,6.6
2023,AK,Alaska,Anchorage,Lack of social and emotional support among adults,19.3,16.7,22.2
2023,AK,Alaska,Anchorage,Depression among adults,20.7,18.4,23.5
2023,AK,Alaska,Anchorage,Coronary heart disease among adults,5.7,5.1,6.3
2023,AK,Alaska,Anchorage,Utility services shut-off threat in the past 12 months among adults,6.6,5.7,7.7
2023,AK,Alaska,Anchorage,Current asthma among adults,11.5,10.3,12.9
2023,AK,Alaska,Anchorage,Cognitive disability among adults,12.5,10.9,14.3
2023,AK,Alaska,Anchorage,Stroke among adults,3.0,2.6,3.4
2023,AK,Alaska,Anchorage,High blood pressure among adults,38.3,35.7,41.3
2023,AK,Alaska,Anchorage,Binge drinking among adults,18.0,15.8,20.6
2023,AK,Alaska,Anchorage,Lack of social and emotional support among adults,33.6,30.6,37.0
2023,AK,Alaska,Anchorage,Obesity among adults,35.3,31.6,39.5
2023,AK,Alaska,Anchorage,Vision disability among adults,2.6,2.2,3.1
2023,AK,Alaska,Anchorage,Taking medicine to control high blood pressure among adults with high blood pressure,64.7,62.0,67.5
2023,AK,Alaska,Anchorage,No leisure-time physical activity among adults,23.5,20.6,26.8
2023,AK,Alaska,Anchorage,Utility services shut-off threat in the past 12 months among adults,9.3,8.0,10.8
2023,AK,Alaska,Anchorage,Housing insecurity in the past 12 months among adults,13.0,11.2,15.2
2023,AK,Alaska,Anchorage,Frequent physical distress among adults,12.9,11.5,14.6
2023,AK,Alaska,Anchorage,Chronic obstructive pulmonary disease among adults,4.9,4.2,5.6
2023,AK,Alaska,Anchorage,Received food stamps in the past 12 months among adults,6.9,5.6,8.5
2023,AK,Alaska,Anchorage,Lack of social and emotional support among adults,20.6,17.6,23.6
2023,AK,Alaska,Anchorage,Lack of social and emotional support among adults,28.8,25.8,31.9
2023,AK,Alaska,Anchorage,Current cigarette smoking among adults,9.9,7.8,12.6
2023,AK,Alaska,Anchorage,No leisure-time physical activity among adults,23.5,20.7,27.0
2023,AK,Alaska,Anchorage,Current lack of health insurance among adults aged 18-64 years,7.7,6.2,9.4
2023,AK,Alaska,Anchorage,Lack of reliable transportation in the past 12 months among adults,12.3,10.8,14.0
2023,AK,Alaska,Anchorage,Loneliness among adults,29.0,25.8,32.3
2023,AK,Alaska,Anchorage,Stroke among adults,2.6,2.3,2.9
2023,AK,Alaska,Anchorage,Coronary heart disease among adults,5.6,4.9,6.3
2023,AK,Alaska,Anchorage,Independent living disability among adults,8.2,7.2,9.2
2023,AK,Alaska,Anchorage,Vision disability among adults,3.7,3.2,4.4
2023,AK,Alaska,Anchorage,Chronic obstructive pulmonary disease among adults,6.2,5.4,7.3
2023,AK,Alaska,Anchorage,Food insecurity in the past 12 months among adults,7.7,6.0,9.7
2023,AK,Alaska,Anchorage,Independent living disability among adults,14.7,13.3,16.2
2023,AK,Alaska,Anchorage,Cholesterol screening among adults,83.9,81.7,86.1
2023,AK,Alaska,Anchorage,Self-care disability among adults,3.0,2.6,3.4
2023,AK,Alaska,Anchorage,Any disability among adults,31.2,28.2,34.5
2023,AK,Alaska,Anchorage,Utility services shut-off threat in the past 12 months among adults,6.8,5.8,7.9
2023,AK,Alaska,Anchorage,Cholesterol screening among adults,82.7,80.6,84.7
2023,AK,Alaska,Anchorage,Food insecurity in the past 12 months among adults,37.3,34.0,40.8
2023,AK,Alaska,Anchorage,Binge drinking among adults,25.0,22.0,28.4
2023,AK,Alaska,Anchorage,Current lack of health insurance among adults aged 18-64 years,6.3,5.0,8.2
2023,AK,Alaska,Anchorage,Utility services shut-off threat in the past 12 months among adults,5.3,4.4,6.4
2023,AK,Alaska,Anchorage,High cholesterol among adults who have ever been screened,31.9,29.2,34.9
2023,AK,Alaska,Anchorage,Vision disability among adults,7.1,6.3,7.9
2023,AK,Alaska,Anchorage,Diagnosed diabetes among adults,8.2,7.1,9.5
2023,AK,Alaska,Anchorage,Depression among adults,21.2,18.8,24.0
2023,AK,Alaska,Anchorage,Frequent physical distress among adults,10.8,9.4,12.4
2023,AK,Alaska,Anchorage,Fair or poor self-rated health status among adults,26.2,23.4,29.5
2023,AK,Alaska,Anchorage,Chronic obstructive pulmonary disease among adults,5.2,4.4,6.1
2023,AK,Alaska,Anchorage,Frequent mental distress among adults,13.6,12.2,15.2
2023,AK,Alaska,Anchorage,Loneliness among adults,35.7,32.2,39.2
2023,AK,Alaska,Anchorage,Any disability among adults,32.3,29.2,35.9
2023,AK,Alaska,Anchorage,Visits to doctor for routine checkup within the past year among adults,67.2,64.0,70.6
2023,AK,Alaska,Anchorage,Current asthma among adults,10.8,9.7,12.1
2023,AK,Alaska,Anchorage,Food insecurity in the past 12 months among adults,14.5,12.2,17.1
2023,AK,Alaska,Anchorage,Independent living disability among adults,6.9,6.0,7.8
2023,AK,Alaska,Anchorage,Coronary heart disease among adults,5.5,4.9,6.2
2023,AK,Alaska,Anchorage,Current asthma among adults,11.9,10.8,13.3
2023,AK,Alaska,Anchorage,Obesity among adults,32.4,28.5,36.9
2023,AK,Alaska,Anchorage,High blood pressure among adults,33.8,30.9,37.0
2023,AK,Alaska,Anchorage,Obesity among adults,33.4,29.5,37.8
2023,AK,Alaska,Anchorage,Lack of social and emotional support among adults,28.0,25.0,31.1
2023,AK,Alaska,Anchorage,Received food stamps in the past 12 months among adults,9.5,7.7,11.4
2023,AK,Alaska,Anchorage,Cognitive disability among adults,9.3,7.9,10.9
2023,AK,Alaska,Anchorage,Self-care disability among adults,2.8,2.5,3.2
2023,AK,Alaska,Anchorage,Independent living disability among adults,7.7,6.9,8.7
2023,AK,Alaska,Anchorage,Any disability among adults,31.3,28.5,34.8
2023,AK,Alaska,Anchorage,Current lack of health insurance among adults aged 18-64 years,13.5,11.4,16.3
2023,AK,Alaska,Anchorage,Cancer (non-skin) or melanoma among adults,7.7,7.0,8.4
2023,AK,Alaska,Anchorage,High cholesterol among adults who have ever been screened,36.2,33.3,39.4
2023,AK,Alaska,Anchorage,Utility services shut-off threat in the past 12 months among adults,10.9,9.6,12.4
2023,AK,Alaska,Anchorage,Obesity among adults,34.7,31.0,38.9
2023,AK,Alaska,Anchorage,Hearing disability among adults,7.8,6.7,8.8
2023,AK,Alaska,Anchorage,Cancer (non-skin) or melanoma among adults,6.4,5.9,7.1
2023,AK,Alaska,Anchorage,Visits to doctor for routine checkup within the past year among adults,71.9,69.0,74.9
2023,AK,Alaska,Anchorage,Received food stamps in the past 12 months among adults,6.2,4.6,8.2
2023,AK,Alaska,Anchorage,Food insecurity in the past 12 months among adults,11.0,9.3,13.1
2023,AK,Alaska,Anchorage,Arthritis among adults,22.8,20.8,25.1
2023,AK,Alaska,Anchorage,Arthritis among adults,24.9,22.7,27.5
2023,AK,Alaska,Anchorage,Lack of social and emotional support among adults,25.9,22.9,28.9
2023,AK,Alaska,Anchorage,No leisure-time physical activity among adults,25.1,22.0,28.7
2023,AK,Alaska,Anchorage,Frequent mental distress among adults,16.7,15.1,18.7
2023,AK,Alaska,Anchorage,No leisure-time physical activity among adults,15.1,12.6,17.9
2023,AK,Alaska,Anchorage,Obesity among adults,37.3,33.6,41.8
2023,AK,Alaska,Anchorage,Cognitive disability among adults,16.3,14.5,18.3
2023,AK,Alaska,Anchorage,Arthritis among adults,23.2,21.0,25.8
2023,AK,Alaska,Anchorage,Current asthma among adults,11.0,9.8,12.3
2023,AK,Alaska,Anchorage,Binge drinking among adults,17.1,15.1,19.7
2023,AK,Alaska,Anchorage,Independent living disability among adults,8.8,7.7,10.0
2023,AK,Alaska,Anchorage,Cognitive disability among adults,17.2,14.8,19.8
2023,AK,Alaska,Anchorage,Cholesterol screening among adults,85.2,83.5,86.8
2023,AK,Alaska,Anchorage,Independent living disability among adults,7.2,6.2,8.3
2023,AK,Alaska,Anchorage,Current cigarette smoking among adults,18.5,15.8,21.5
2023,AK,Alaska,Anchorage,High blood pressure among adults,31.3,28.8,34.1
2023,AK,Alaska,Anchorage,Stroke among adults,3.2,2.9,3.5
2023,AK,Alaska,Anchorage,Arthritis among adults,22.7,20.7,25.1
2023,AK,Alaska,Anchorage,Current asthma among adults,11.4,10.3,12.8
2023,AK,Alaska,Anchorage,Any disability among adults,32.9,29.8,36.3
2023,AK,Alaska,Anchorage,Independent living disability among adults,6.9,6.0,7.8
2023,AK,Alaska,Anchorage,Current lack of health insurance among adults aged 18-64 years,9.8,8.1,11.7
2023,AK,Alaska,Anchorage,Utility services shut-off threat in the past 12 months among adults,10.0,8.7,11.4
2023,AK,Alaska,Anchorage,Food insecurity in the past 12 months among adults,6.3,4.8,8.1
2023,AK,Alaska,Anchorage,Binge drinking among adults,17.7,15.6,20.3
2023,AK,Alaska,Anchorage,Stroke among adults,3.2,2.9,3.5
2023,AK,Alaska,Anchorage,Loneliness among adults,35.5,32.2,38.9
2023,AK,Alaska,Anchorage,Any disability among adults,30.1,26.9,33.4
2023,AK,Alaska,Anchorage,Binge drinking among adults,18.3,16.1,20.9
2023,AK,Alaska,Anchorage,Current lack of health insurance among adults aged 18-64 years,19.5,16.8,22.4
2023,AK,Alaska,Anchorage,Self-care disability among adults,3.8,3.4,4.3
2023,AK,Alaska,Anchorage,Depression among adults,21.3,18.9,24.0
2023,AK,Alaska,Anchorage,Obesity among adults,34.8,31.1,39.2
2023,AK,Alaska,Anchorage,Cholesterol screening among adults,74.6,71.8,77.3
2023,AK,Alaska,Anchorage,Received food stamps in the past 12 months among adults,4.1,3.0,5.4
2023,AK,Alaska,Anchorage,Depression among adults,22.4,19.8,25.5
2023,AK,Alaska,Anchorage,Loneliness among adults,34.3,31.0,37.7
2023,AK,Alaska,Anchorage,Vision disability among adults,2.9,2.4,3.4
2023,AK,Alaska,Anchorage,Taking medicine to control high blood pressure among adults with high blood pressure,69.0,65.8,72.4
2023,AK,Alaska,Anchorage,Vision disability among adults,5.3,4.8,5.9
2023,AK,Alaska,Anchorage,No leisure-time physical activity among adults,18.0,15.5,21.2
2023,AK,Alaska,Anchorage,High cholesterol among adults who have ever been screened,32.1,29.4,35.2
2023,AK,Alaska,Anchorage,Stroke among adults,4.2,3.8,4.7
2023,AK,Alaska,Anchorage,Any disability among adults,38.5,35.4,42.5
2023,AK,Alaska,Anchorage,No leisure-time physical activity among adults,30.8,27.4,34.6
2023,AK,Alaska,Anchorage,Housing insecurity in the past 12 months among adults,8.5,6.7,10.3
2023,AK,Alaska,Anchorage,Any disability among adults,23.1,20.1,26.7
2023,AK,Alaska,Anchorage,Stroke among adults,3.9,3.5,4.3
2023,AK,Alaska,Anchorage,Housing insecurity in the past 12 months among adults,11.2,9.5,13.1
2023,AK,Alaska,Anchorage,Any disability among adults,28.8,25.5,32.4
2023,AK,Alaska,Anchorage,High blood pressure among adults,40.3,37.7,43.5
2023,AK,Alaska,Anchorage,Independent living disability among adults,8.6,7.6,9.7
